{"cameraMode":{"drawMode":0,"name":"Shaded","section":"Shading Mode"},"sceneLighting":false,"audioPlay":false,"sceneViewState":{"m_AlwaysRefresh":false,"showFog":true,"showSkybox":false,"showFlares":true,"showImageEffects":true,"showParticleSystems":true,"showVisualEffectGraphs":true,"m_FxEnabled":true},"in2DMode":false,"pivot":{"x":11.382513046264649,"y":0.07800006866455078,"z":-1.8370795249938965},"rotation":{"x":-0.20691564679145814,"y":0.05924438312649727,"z":-0.012553793378174305,"w":-0.9764846563339233},"size":7.729698657989502,"orthographic":false}