{"cameraMode":{"drawMode":0,"name":"Shaded","section":"Shading Mode"},"sceneLighting":false,"audioPlay":false,"sceneViewState":{"m_AlwaysRefresh":false,"showFog":true,"showSkybox":false,"showFlares":true,"showImageEffects":true,"showParticleSystems":true,"showVisualEffectGraphs":true,"m_FxEnabled":true},"in2DMode":false,"pivot":{"x":18.476749420166017,"y":1.0448338985443116,"z":1.3766789436340333},"rotation":{"x":-0.043023787438869479,"y":0.18681274354457856,"z":-0.008187242783606053,"w":-0.9814275503158569},"size":1.5974082946777344,"orthographic":false}